P/E,EV/EBITDA,P/B,P/CF,P/S,ROE,ROA,ROD,ROI,Revenue,Profit,Equity,Assets,D/A,Ebitda Growth,CF Growth
45.8276,35.343666666666664,12.822866666666666,82.71588504472749,11.248866666666665,0.4801764666004226,0.2978935580548896,1.5360778028657174,-8.035721611571805,6.233410622470584,7.717711079113473,3.923284261553068,3.67110218596041,0.19393129534138004,0.12226612971678101,9.710774861085376
22.533199999999997,15.094533333333333,5.942666666666667,40.92263635734225,4.7416,0.2670486780891864,0.20537801297754174,0.8049557954087178,-6.496253943217666,0.7058877308465898,0.47644911716935334,0.2836961631356275,0.5448697570918338,0.2551419769246592,0.37606109054933806,0.48099360180654877
207.238375,24.718444444444444,130.221,31.066158621425487,7.771222222222223,-0.22641809436737292,0.04011298188367462,0.05132363546208176,-0.8983641711119076,1.074946045662051,1.1319967380047462,-0.5251831642822978,1.1600788241148199,0.78156937875748,-0.2079598680247768,1.276001595195475
